[
{"type":"header","version":"5.2.0","comment":"Export to JSON plugin for PHPMyAdmin"},
{"type":"database","name":"evokulu"},
{"type":"table","name":"tbl_countries","database":"evokulu","data":
[
{"id":"1","title":"Afghanistan","phoneCode":"93","emojiU":"U+1F1E6 U+1F1EB","native":"افغانستان"},
{"id":"2","title":"Aland Islands","phoneCode":"+358-18","emojiU":"U+1F1E6 U+1F1FD","native":"Åland"},
{"id":"3","title":"Albania","phoneCode":"355","emojiU":"U+1F1E6 U+1F1F1","native":"Shqipëria"},
{"id":"4","title":"Algeria","phoneCode":"213","emojiU":"U+1F1E9 U+1F1FF","native":"الجزائر"},
{"id":"5","title":"American Samoa","phoneCode":"+1-684","emojiU":"U+1F1E6 U+1F1F8","native":"American Samoa"},
{"id":"6","title":"Andorra","phoneCode":"376","emojiU":"U+1F1E6 U+1F1E9","native":"Andorra"},
{"id":"7","title":"Angola","phoneCode":"244","emojiU":"U+1F1E6 U+1F1F4","native":"Angola"},
{"id":"8","title":"Anguilla","phoneCode":"+1-264","emojiU":"U+1F1E6 U+1F1EE","native":"Anguilla"},
{"id":"9","title":"Antarctica","phoneCode":"672","emojiU":"U+1F1E6 U+1F1F6","native":"Antarctica"},
{"id":"10","title":"Antigua And Barbuda","phoneCode":"+1-268","emojiU":"U+1F1E6 U+1F1EC","native":"Antigua and Barbuda"},
{"id":"11","title":"Argentina","phoneCode":"54","emojiU":"U+1F1E6 U+1F1F7","native":"Argentina"},
{"id":"12","title":"Armenia","phoneCode":"374","emojiU":"U+1F1E6 U+1F1F2","native":"Հայաստան"},
{"id":"13","title":"Aruba","phoneCode":"297","emojiU":"U+1F1E6 U+1F1FC","native":"Aruba"},
{"id":"14","title":"Australia","phoneCode":"61","emojiU":"U+1F1E6 U+1F1FA","native":"Australia"},
{"id":"15","title":"Austria","phoneCode":"43","emojiU":"U+1F1E6 U+1F1F9","native":"Österreich"},
{"id":"16","title":"Azerbaijan","phoneCode":"994","emojiU":"U+1F1E6 U+1F1FF","native":"Azərbaycan"},
{"id":"17","title":"Bahrain","phoneCode":"973","emojiU":"U+1F1E7 U+1F1ED","native":"‏البحرين"},
{"id":"18","title":"Bangladesh","phoneCode":"880","emojiU":"U+1F1E7 U+1F1E9","native":"Bangladesh"},
{"id":"19","title":"Barbados","phoneCode":"+1-246","emojiU":"U+1F1E7 U+1F1E7","native":"Barbados"},
{"id":"20","title":"Belarus","phoneCode":"375","emojiU":"U+1F1E7 U+1F1FE","native":"Белару́сь"},
{"id":"21","title":"Belgium","phoneCode":"32","emojiU":"U+1F1E7 U+1F1EA","native":"België"},
{"id":"22","title":"Belize","phoneCode":"501","emojiU":"U+1F1E7 U+1F1FF","native":"Belize"},
{"id":"23","title":"Benin","phoneCode":"229","emojiU":"U+1F1E7 U+1F1EF","native":"Bénin"},
{"id":"24","title":"Bermuda","phoneCode":"+1-441","emojiU":"U+1F1E7 U+1F1F2","native":"Bermuda"},
{"id":"25","title":"Bhutan","phoneCode":"975","emojiU":"U+1F1E7 U+1F1F9","native":"ʼbrug-yul"},
{"id":"26","title":"Bolivia","phoneCode":"591","emojiU":"U+1F1E7 U+1F1F4","native":"Bolivia"},
{"id":"27","title":"Bonaire, Sint Eustatius and Saba","phoneCode":"599","emojiU":"U+1F1E7 U+1F1F6","native":"Caribisch Nederland"},
{"id":"28","title":"Bosnia and Herzegovina","phoneCode":"387","emojiU":"U+1F1E7 U+1F1E6","native":"Bosna i Hercegovina"},
{"id":"29","title":"Botswana","phoneCode":"267","emojiU":"U+1F1E7 U+1F1FC","native":"Botswana"},
{"id":"30","title":"Bouvet Island","phoneCode":"0055","emojiU":"U+1F1E7 U+1F1FB","native":"Bouvetøya"},
{"id":"31","title":"Brazil","phoneCode":"55","emojiU":"U+1F1E7 U+1F1F7","native":"Brasil"},
{"id":"32","title":"British Indian Ocean Territory","phoneCode":"246","emojiU":"U+1F1EE U+1F1F4","native":"British Indian Ocean Territory"},
{"id":"33","title":"Brunei","phoneCode":"673","emojiU":"U+1F1E7 U+1F1F3","native":"Negara Brunei Darussalam"},
{"id":"34","title":"Bulgaria","phoneCode":"359","emojiU":"U+1F1E7 U+1F1EC","native":"България"},
{"id":"35","title":"Burkina Faso","phoneCode":"226","emojiU":"U+1F1E7 U+1F1EB","native":"Burkina Faso"},
{"id":"36","title":"Burundi","phoneCode":"257","emojiU":"U+1F1E7 U+1F1EE","native":"Burundi"},
{"id":"37","title":"Cambodia","phoneCode":"855","emojiU":"U+1F1F0 U+1F1ED","native":"Kâmpŭchéa"},
{"id":"38","title":"Cameroon","phoneCode":"237","emojiU":"U+1F1E8 U+1F1F2","native":"Cameroon"},
{"id":"39","title":"Canada","phoneCode":"1","emojiU":"U+1F1E8 U+1F1E6","native":"Canada"},
{"id":"40","title":"Cape Verde","phoneCode":"238","emojiU":"U+1F1E8 U+1F1FB","native":"Cabo Verde"},
{"id":"41","title":"Cayman Islands","phoneCode":"+1-345","emojiU":"U+1F1F0 U+1F1FE","native":"Cayman Islands"},
{"id":"42","title":"Central African Republic","phoneCode":"236","emojiU":"U+1F1E8 U+1F1EB","native":"Ködörösêse tî Bêafrîka"},
{"id":"43","title":"Chad","phoneCode":"235","emojiU":"U+1F1F9 U+1F1E9","native":"Tchad"},
{"id":"44","title":"Chile","phoneCode":"56","emojiU":"U+1F1E8 U+1F1F1","native":"Chile"},
{"id":"45","title":"China","phoneCode":"86","emojiU":"U+1F1E8 U+1F1F3","native":"中国"},
{"id":"46","title":"Christmas Island","phoneCode":"61","emojiU":"U+1F1E8 U+1F1FD","native":"Christmas Island"},
{"id":"47","title":"Cocos (Keeling) Islands","phoneCode":"61","emojiU":"U+1F1E8 U+1F1E8","native":"Cocos (Keeling) Islands"},
{"id":"48","title":"Colombia","phoneCode":"57","emojiU":"U+1F1E8 U+1F1F4","native":"Colombia"},
{"id":"49","title":"Comoros","phoneCode":"269","emojiU":"U+1F1F0 U+1F1F2","native":"Komori"},
{"id":"50","title":"Congo","phoneCode":"242","emojiU":"U+1F1E8 U+1F1EC","native":"République du Congo"},
{"id":"51","title":"Cook Islands","phoneCode":"682","emojiU":"U+1F1E8 U+1F1F0","native":"Cook Islands"},
{"id":"52","title":"Costa Rica","phoneCode":"506","emojiU":"U+1F1E8 U+1F1F7","native":"Costa Rica"},
{"id":"53","title":"Cote D\\'Ivoire (Ivory Coast)","phoneCode":"225","emojiU":"U+1F1E8 U+1F1EE","native":""},
{"id":"54","title":"Croatia","phoneCode":"385","emojiU":"U+1F1ED U+1F1F7","native":"Hrvatska"},
{"id":"55","title":"Cuba","phoneCode":"53","emojiU":"U+1F1E8 U+1F1FA","native":"Cuba"},
{"id":"56","title":"Curaçao","phoneCode":"599","emojiU":"U+1F1E8 U+1F1FC","native":"Curaçao"},
{"id":"57","title":"Cyprus","phoneCode":"357","emojiU":"U+1F1E8 U+1F1FE","native":"Κύπρος"},
{"id":"58","title":"Czech Republic","phoneCode":"420","emojiU":"U+1F1E8 U+1F1FF","native":"Česká republika"},
{"id":"59","title":"Democratic Republic of the Congo","phoneCode":"243","emojiU":"U+1F1E8 U+1F1E9","native":"République démocratique du Congo"},
{"id":"60","title":"Denmark","phoneCode":"45","emojiU":"U+1F1E9 U+1F1F0","native":"Danmark"},
{"id":"61","title":"Djibouti","phoneCode":"253","emojiU":"U+1F1E9 U+1F1EF","native":"Djibouti"},
{"id":"62","title":"Dominica","phoneCode":"+1-767","emojiU":"U+1F1E9 U+1F1F2","native":"Dominica"},
{"id":"63","title":"Dominican Republic","phoneCode":"+1-809 and 1-829","emojiU":"U+1F1E9 U+1F1F4","native":"República Dominicana"},
{"id":"64","title":"East Timor","phoneCode":"670","emojiU":"U+1F1F9 U+1F1F1","native":"Timor-Leste"},
{"id":"65","title":"Ecuador","phoneCode":"593","emojiU":"U+1F1EA U+1F1E8","native":"Ecuador"},
{"id":"66","title":"Egypt","phoneCode":"20","emojiU":"U+1F1EA U+1F1EC","native":"مصر‎"},
{"id":"67","title":"El Salvador","phoneCode":"503","emojiU":"U+1F1F8 U+1F1FB","native":"El Salvador"},
{"id":"68","title":"Equatorial Guinea","phoneCode":"240","emojiU":"U+1F1EC U+1F1F6","native":"Guinea Ecuatorial"},
{"id":"69","title":"Eritrea","phoneCode":"291","emojiU":"U+1F1EA U+1F1F7","native":"ኤርትራ"},
{"id":"70","title":"Estonia","phoneCode":"372","emojiU":"U+1F1EA U+1F1EA","native":"Eesti"},
{"id":"71","title":"Ethiopia","phoneCode":"251","emojiU":"U+1F1EA U+1F1F9","native":"ኢትዮጵያ"},
{"id":"72","title":"Falkland Islands","phoneCode":"500","emojiU":"U+1F1EB U+1F1F0","native":"Falkland Islands"},
{"id":"73","title":"Faroe Islands","phoneCode":"298","emojiU":"U+1F1EB U+1F1F4","native":"Føroyar"},
{"id":"74","title":"Fiji Islands","phoneCode":"679","emojiU":"U+1F1EB U+1F1EF","native":"Fiji"},
{"id":"75","title":"Finland","phoneCode":"358","emojiU":"U+1F1EB U+1F1EE","native":"Suomi"},
{"id":"76","title":"France","phoneCode":"33","emojiU":"U+1F1EB U+1F1F7","native":"France"},
{"id":"77","title":"French Guiana","phoneCode":"594","emojiU":"U+1F1EC U+1F1EB","native":"Guyane française"},
{"id":"78","title":"French Polynesia","phoneCode":"689","emojiU":"U+1F1F5 U+1F1EB","native":"Polynésie française"},
{"id":"79","title":"French Southern Territories","phoneCode":"262","emojiU":"U+1F1F9 U+1F1EB","native":"Territoire des Terres australes et antarctiques fr"},
{"id":"80","title":"Gabon","phoneCode":"241","emojiU":"U+1F1EC U+1F1E6","native":"Gabon"},
{"id":"81","title":"Gambia The","phoneCode":"220","emojiU":"U+1F1EC U+1F1F2","native":"Gambia"},
{"id":"82","title":"Georgia","phoneCode":"995","emojiU":"U+1F1EC U+1F1EA","native":"საქართველო"},
{"id":"83","title":"Germany","phoneCode":"49","emojiU":"U+1F1E9 U+1F1EA","native":"Deutschland"},
{"id":"84","title":"Ghana","phoneCode":"233","emojiU":"U+1F1EC U+1F1ED","native":"Ghana"},
{"id":"85","title":"Gibraltar","phoneCode":"350","emojiU":"U+1F1EC U+1F1EE","native":"Gibraltar"},
{"id":"86","title":"Greece","phoneCode":"30","emojiU":"U+1F1EC U+1F1F7","native":"Ελλάδα"},
{"id":"87","title":"Greenland","phoneCode":"299","emojiU":"U+1F1EC U+1F1F1","native":"Kalaallit Nunaat"},
{"id":"88","title":"Grenada","phoneCode":"+1-473","emojiU":"U+1F1EC U+1F1E9","native":"Grenada"},
{"id":"89","title":"Guadeloupe","phoneCode":"590","emojiU":"U+1F1EC U+1F1F5","native":"Guadeloupe"},
{"id":"90","title":"Guam","phoneCode":"+1-671","emojiU":"U+1F1EC U+1F1FA","native":"Guam"},
{"id":"91","title":"Guatemala","phoneCode":"502","emojiU":"U+1F1EC U+1F1F9","native":"Guatemala"},
{"id":"92","title":"Guernsey and Alderney","phoneCode":"+44-1481","emojiU":"U+1F1EC U+1F1EC","native":"Guernsey"},
{"id":"93","title":"Guinea","phoneCode":"224","emojiU":"U+1F1EC U+1F1F3","native":"Guinée"},
{"id":"94","title":"Guinea-Bissau","phoneCode":"245","emojiU":"U+1F1EC U+1F1FC","native":"Guiné-Bissau"},
{"id":"95","title":"Guyana","phoneCode":"592","emojiU":"U+1F1EC U+1F1FE","native":"Guyana"},
{"id":"96","title":"Haiti","phoneCode":"509","emojiU":"U+1F1ED U+1F1F9","native":"Haïti"},
{"id":"97","title":"Heard Island and McDonald Islands","phoneCode":"672","emojiU":"U+1F1ED U+1F1F2","native":"Heard Island and McDonald Islands"},
{"id":"98","title":"Honduras","phoneCode":"504","emojiU":"U+1F1ED U+1F1F3","native":"Honduras"},
{"id":"99","title":"Hong Kong S.A.R.","phoneCode":"852","emojiU":"U+1F1ED U+1F1F0","native":"香港"},
{"id":"100","title":"Hungary","phoneCode":"36","emojiU":"U+1F1ED U+1F1FA","native":"Magyarország"},
{"id":"101","title":"Iceland","phoneCode":"354","emojiU":"U+1F1EE U+1F1F8","native":"Ísland"},
{"id":"102","title":"India","phoneCode":"91","emojiU":"U+1F1EE U+1F1F3","native":"भारत"},
{"id":"103","title":"Indonesia","phoneCode":"62","emojiU":"U+1F1EE U+1F1E9","native":"Indonesia"},
{"id":"104","title":"Iran","phoneCode":"98","emojiU":"U+1F1EE U+1F1F7","native":"ایران"},
{"id":"105","title":"Iraq","phoneCode":"964","emojiU":"U+1F1EE U+1F1F6","native":"العراق"},
{"id":"106","title":"Ireland","phoneCode":"353","emojiU":"U+1F1EE U+1F1EA","native":"Éire"},
{"id":"107","title":"Israel","phoneCode":"972","emojiU":"U+1F1EE U+1F1F1","native":"יִשְׂרָאֵל"},
{"id":"108","title":"Italy","phoneCode":"39","emojiU":"U+1F1EE U+1F1F9","native":"Italia"},
{"id":"109","title":"Jamaica","phoneCode":"+1-876","emojiU":"U+1F1EF U+1F1F2","native":"Jamaica"},
{"id":"110","title":"Japan","phoneCode":"81","emojiU":"U+1F1EF U+1F1F5","native":"日本"},
{"id":"111","title":"Jersey","phoneCode":"+44-1534","emojiU":"U+1F1EF U+1F1EA","native":"Jersey"},
{"id":"112","title":"Jordan","phoneCode":"962","emojiU":"U+1F1EF U+1F1F4","native":"الأردن"},
{"id":"113","title":"Kazakhstan","phoneCode":"7","emojiU":"U+1F1F0 U+1F1FF","native":"Қазақстан"},
{"id":"114","title":"Kenya","phoneCode":"254","emojiU":"U+1F1F0 U+1F1EA","native":"Kenya"},
{"id":"115","title":"Kiribati","phoneCode":"686","emojiU":"U+1F1F0 U+1F1EE","native":"Kiribati"},
{"id":"116","title":"Kosovo","phoneCode":"383","emojiU":"U+1F1FD U+1F1F0","native":"Republika e Kosovës"},
{"id":"117","title":"Kuwait","phoneCode":"965","emojiU":"U+1F1F0 U+1F1FC","native":"الكويت"},
{"id":"118","title":"Kyrgyzstan","phoneCode":"996","emojiU":"U+1F1F0 U+1F1EC","native":"Кыргызстан"},
{"id":"119","title":"Laos","phoneCode":"856","emojiU":"U+1F1F1 U+1F1E6","native":"ສປປລາວ"},
{"id":"120","title":"Latvia","phoneCode":"371","emojiU":"U+1F1F1 U+1F1FB","native":"Latvija"},
{"id":"121","title":"Lebanon","phoneCode":"961","emojiU":"U+1F1F1 U+1F1E7","native":"لبنان"},
{"id":"122","title":"Lesotho","phoneCode":"266","emojiU":"U+1F1F1 U+1F1F8","native":"Lesotho"},
{"id":"123","title":"Liberia","phoneCode":"231","emojiU":"U+1F1F1 U+1F1F7","native":"Liberia"},
{"id":"124","title":"Libya","phoneCode":"218","emojiU":"U+1F1F1 U+1F1FE","native":"‏ليبيا"},
{"id":"125","title":"Liechtenstein","phoneCode":"423","emojiU":"U+1F1F1 U+1F1EE","native":"Liechtenstein"},
{"id":"126","title":"Lithuania","phoneCode":"370","emojiU":"U+1F1F1 U+1F1F9","native":"Lietuva"},
{"id":"127","title":"Luxembourg","phoneCode":"352","emojiU":"U+1F1F1 U+1F1FA","native":"Luxembourg"},
{"id":"128","title":"Macau S.A.R.","phoneCode":"853","emojiU":"U+1F1F2 U+1F1F4","native":"澳門"},
{"id":"129","title":"Madagascar","phoneCode":"261","emojiU":"U+1F1F2 U+1F1EC","native":"Madagasikara"},
{"id":"130","title":"Malawi","phoneCode":"265","emojiU":"U+1F1F2 U+1F1FC","native":"Malawi"},
{"id":"131","title":"Malaysia","phoneCode":"60","emojiU":"U+1F1F2 U+1F1FE","native":"Malaysia"},
{"id":"132","title":"Maldives","phoneCode":"960","emojiU":"U+1F1F2 U+1F1FB","native":"Maldives"},
{"id":"133","title":"Mali","phoneCode":"223","emojiU":"U+1F1F2 U+1F1F1","native":"Mali"},
{"id":"134","title":"Malta","phoneCode":"356","emojiU":"U+1F1F2 U+1F1F9","native":"Malta"},
{"id":"135","title":"Man (Isle of)","phoneCode":"+44-1624","emojiU":"U+1F1EE U+1F1F2","native":"Isle of Man"},
{"id":"136","title":"Marshall Islands","phoneCode":"692","emojiU":"U+1F1F2 U+1F1ED","native":"M̧ajeļ"},
{"id":"137","title":"Martinique","phoneCode":"596","emojiU":"U+1F1F2 U+1F1F6","native":"Martinique"},
{"id":"138","title":"Mauritania","phoneCode":"222","emojiU":"U+1F1F2 U+1F1F7","native":"موريتانيا"},
{"id":"139","title":"Mauritius","phoneCode":"230","emojiU":"U+1F1F2 U+1F1FA","native":"Maurice"},
{"id":"140","title":"Mayotte","phoneCode":"262","emojiU":"U+1F1FE U+1F1F9","native":"Mayotte"},
{"id":"141","title":"Mexico","phoneCode":"52","emojiU":"U+1F1F2 U+1F1FD","native":"México"},
{"id":"142","title":"Micronesia","phoneCode":"691","emojiU":"U+1F1EB U+1F1F2","native":"Micronesia"},
{"id":"143","title":"Moldova","phoneCode":"373","emojiU":"U+1F1F2 U+1F1E9","native":"Moldova"},
{"id":"144","title":"Monaco","phoneCode":"377","emojiU":"U+1F1F2 U+1F1E8","native":"Monaco"},
{"id":"145","title":"Mongolia","phoneCode":"976","emojiU":"U+1F1F2 U+1F1F3","native":"Монгол улс"},
{"id":"146","title":"Montenegro","phoneCode":"382","emojiU":"U+1F1F2 U+1F1EA","native":"Црна Гора"},
{"id":"147","title":"Montserrat","phoneCode":"+1-664","emojiU":"U+1F1F2 U+1F1F8","native":"Montserrat"},
{"id":"148","title":"Morocco","phoneCode":"212","emojiU":"U+1F1F2 U+1F1E6","native":"المغرب"},
{"id":"149","title":"Mozambique","phoneCode":"258","emojiU":"U+1F1F2 U+1F1FF","native":"Moçambique"},
{"id":"150","title":"Myanmar","phoneCode":"95","emojiU":"U+1F1F2 U+1F1F2","native":"မြန်မာ"},
{"id":"151","title":"Namibia","phoneCode":"264","emojiU":"U+1F1F3 U+1F1E6","native":"Namibia"},
{"id":"152","title":"Nauru","phoneCode":"674","emojiU":"U+1F1F3 U+1F1F7","native":"Nauru"},
{"id":"153","title":"Nepal","phoneCode":"977","emojiU":"U+1F1F3 U+1F1F5","native":"नपल"},
{"id":"154","title":"Netherlands","phoneCode":"31","emojiU":"U+1F1F3 U+1F1F1","native":"Nederland"},
{"id":"155","title":"New Caledonia","phoneCode":"687","emojiU":"U+1F1F3 U+1F1E8","native":"Nouvelle-Calédonie"},
{"id":"156","title":"New Zealand","phoneCode":"64","emojiU":"U+1F1F3 U+1F1FF","native":"New Zealand"},
{"id":"157","title":"Nicaragua","phoneCode":"505","emojiU":"U+1F1F3 U+1F1EE","native":"Nicaragua"},
{"id":"158","title":"Niger","phoneCode":"227","emojiU":"U+1F1F3 U+1F1EA","native":"Niger"},
{"id":"159","title":"Nigeria","phoneCode":"234","emojiU":"U+1F1F3 U+1F1EC","native":"Nigeria"},
{"id":"160","title":"Niue","phoneCode":"683","emojiU":"U+1F1F3 U+1F1FA","native":"Niuē"},
{"id":"161","title":"Norfolk Island","phoneCode":"672","emojiU":"U+1F1F3 U+1F1EB","native":"Norfolk Island"},
{"id":"162","title":"North Korea","phoneCode":"850","emojiU":"U+1F1F0 U+1F1F5","native":"북한"},
{"id":"163","title":"North Macedonia","phoneCode":"389","emojiU":"U+1F1F2 U+1F1F0","native":"Северна Македонија"},
{"id":"164","title":"Northern Mariana Islands","phoneCode":"+1-670","emojiU":"U+1F1F2 U+1F1F5","native":"Northern Mariana Islands"},
{"id":"165","title":"Norway","phoneCode":"47","emojiU":"U+1F1F3 U+1F1F4","native":"Norge"},
{"id":"166","title":"Oman","phoneCode":"968","emojiU":"U+1F1F4 U+1F1F2","native":"عمان"},
{"id":"167","title":"Pakistan","phoneCode":"92","emojiU":"U+1F1F5 U+1F1F0","native":"Pakistan"},
{"id":"168","title":"Palau","phoneCode":"680","emojiU":"U+1F1F5 U+1F1FC","native":"Palau"},
{"id":"169","title":"Palestinian Territory Occupied","phoneCode":"970","emojiU":"U+1F1F5 U+1F1F8","native":"فلسطين"},
{"id":"170","title":"Panama","phoneCode":"507","emojiU":"U+1F1F5 U+1F1E6","native":"Panamá"},
{"id":"171","title":"Papua new Guinea","phoneCode":"675","emojiU":"U+1F1F5 U+1F1EC","native":"Papua Niugini"},
{"id":"172","title":"Paraguay","phoneCode":"595","emojiU":"U+1F1F5 U+1F1FE","native":"Paraguay"},
{"id":"173","title":"Peru","phoneCode":"51","emojiU":"U+1F1F5 U+1F1EA","native":"Perú"},
{"id":"174","title":"Philippines","phoneCode":"63","emojiU":"U+1F1F5 U+1F1ED","native":"Pilipinas"},
{"id":"175","title":"Pitcairn Island","phoneCode":"870","emojiU":"U+1F1F5 U+1F1F3","native":"Pitcairn Islands"},
{"id":"176","title":"Poland","phoneCode":"48","emojiU":"U+1F1F5 U+1F1F1","native":"Polska"},
{"id":"177","title":"Portugal","phoneCode":"351","emojiU":"U+1F1F5 U+1F1F9","native":"Portugal"},
{"id":"178","title":"Puerto Rico","phoneCode":"+1-787 and 1-939","emojiU":"U+1F1F5 U+1F1F7","native":"Puerto Rico"},
{"id":"179","title":"Qatar","phoneCode":"974","emojiU":"U+1F1F6 U+1F1E6","native":"قطر"},
{"id":"180","title":"Reunion","phoneCode":"262","emojiU":"U+1F1F7 U+1F1EA","native":"La Réunion"},
{"id":"181","title":"Romania","phoneCode":"40","emojiU":"U+1F1F7 U+1F1F4","native":"România"},
{"id":"182","title":"Russia","phoneCode":"7","emojiU":"U+1F1F7 U+1F1FA","native":"Россия"},
{"id":"183","title":"Rwanda","phoneCode":"250","emojiU":"U+1F1F7 U+1F1FC","native":"Rwanda"},
{"id":"184","title":"Saint Helena","phoneCode":"290","emojiU":"U+1F1F8 U+1F1ED","native":"Saint Helena"},
{"id":"185","title":"Saint Kitts And Nevis","phoneCode":"+1-869","emojiU":"U+1F1F0 U+1F1F3","native":"Saint Kitts and Nevis"},
{"id":"186","title":"Saint Lucia","phoneCode":"+1-758","emojiU":"U+1F1F1 U+1F1E8","native":"Saint Lucia"},
{"id":"187","title":"Saint Pierre and Miquelon","phoneCode":"508","emojiU":"U+1F1F5 U+1F1F2","native":"Saint-Pierre-et-Miquelon"},
{"id":"188","title":"Saint Vincent And The Grenadines","phoneCode":"+1-784","emojiU":"U+1F1FB U+1F1E8","native":"Saint Vincent and the Grenadines"},
{"id":"189","title":"Saint-Barthelemy","phoneCode":"590","emojiU":"U+1F1E7 U+1F1F1","native":"Saint-Barthélemy"},
{"id":"190","title":"Saint-Martin (French part)","phoneCode":"590","emojiU":"U+1F1F2 U+1F1EB","native":"Saint-Martin"},
{"id":"191","title":"Samoa","phoneCode":"685","emojiU":"U+1F1FC U+1F1F8","native":"Samoa"},
{"id":"192","title":"San Marino","phoneCode":"378","emojiU":"U+1F1F8 U+1F1F2","native":"San Marino"},
{"id":"193","title":"Sao Tome and Principe","phoneCode":"239","emojiU":"U+1F1F8 U+1F1F9","native":"São Tomé e Príncipe"},
{"id":"194","title":"Saudi Arabia","phoneCode":"966","emojiU":"U+1F1F8 U+1F1E6","native":"المملكة العربية السعودية"},
{"id":"195","title":"Senegal","phoneCode":"221","emojiU":"U+1F1F8 U+1F1F3","native":"Sénégal"},
{"id":"196","title":"Serbia","phoneCode":"381","emojiU":"U+1F1F7 U+1F1F8","native":"Србија"},
{"id":"197","title":"Seychelles","phoneCode":"248","emojiU":"U+1F1F8 U+1F1E8","native":"Seychelles"},
{"id":"198","title":"Sierra Leone","phoneCode":"232","emojiU":"U+1F1F8 U+1F1F1","native":"Sierra Leone"},
{"id":"199","title":"Singapore","phoneCode":"65","emojiU":"U+1F1F8 U+1F1EC","native":"Singapore"},
{"id":"200","title":"Sint Maarten (Dutch part)","phoneCode":"1721","emojiU":"U+1F1F8 U+1F1FD","native":"Sint Maarten"},
{"id":"201","title":"Slovakia","phoneCode":"421","emojiU":"U+1F1F8 U+1F1F0","native":"Slovensko"},
{"id":"202","title":"Slovenia","phoneCode":"386","emojiU":"U+1F1F8 U+1F1EE","native":"Slovenija"},
{"id":"203","title":"Solomon Islands","phoneCode":"677","emojiU":"U+1F1F8 U+1F1E7","native":"Solomon Islands"},
{"id":"204","title":"Somalia","phoneCode":"252","emojiU":"U+1F1F8 U+1F1F4","native":"Soomaaliya"},
{"id":"205","title":"South Africa","phoneCode":"27","emojiU":"U+1F1FF U+1F1E6","native":"South Africa"},
{"id":"206","title":"South Georgia","phoneCode":"500","emojiU":"U+1F1EC U+1F1F8","native":"South Georgia"},
{"id":"207","title":"South Korea","phoneCode":"82","emojiU":"U+1F1F0 U+1F1F7","native":"대한민국"},
{"id":"208","title":"South Sudan","phoneCode":"211","emojiU":"U+1F1F8 U+1F1F8","native":"South Sudan"},
{"id":"209","title":"Spain","phoneCode":"34","emojiU":"U+1F1EA U+1F1F8","native":"España"},
{"id":"210","title":"Sri Lanka","phoneCode":"94","emojiU":"U+1F1F1 U+1F1F0","native":"śrī laṃkāva"},
{"id":"211","title":"Sudan","phoneCode":"249","emojiU":"U+1F1F8 U+1F1E9","native":"السودان"},
{"id":"212","title":"Suriname","phoneCode":"597","emojiU":"U+1F1F8 U+1F1F7","native":"Suriname"},
{"id":"213","title":"Svalbard And Jan Mayen Islands","phoneCode":"47","emojiU":"U+1F1F8 U+1F1EF","native":"Svalbard og Jan Mayen"},
{"id":"214","title":"Swaziland","phoneCode":"268","emojiU":"U+1F1F8 U+1F1FF","native":"Swaziland"},
{"id":"215","title":"Sweden","phoneCode":"46","emojiU":"U+1F1F8 U+1F1EA","native":"Sverige"},
{"id":"216","title":"Switzerland","phoneCode":"41","emojiU":"U+1F1E8 U+1F1ED","native":"Schweiz"},
{"id":"217","title":"Syria","phoneCode":"963","emojiU":"U+1F1F8 U+1F1FE","native":"سوريا"},
{"id":"218","title":"Taiwan","phoneCode":"886","emojiU":"U+1F1F9 U+1F1FC","native":"臺灣"},
{"id":"219","title":"Tajikistan","phoneCode":"992","emojiU":"U+1F1F9 U+1F1EF","native":"Тоҷикистон"},
{"id":"220","title":"Tanzania","phoneCode":"255","emojiU":"U+1F1F9 U+1F1FF","native":"Tanzania"},
{"id":"221","title":"Thailand","phoneCode":"66","emojiU":"U+1F1F9 U+1F1ED","native":"ประเทศไทย"},
{"id":"222","title":"The Bahamas","phoneCode":"+1-242","emojiU":"U+1F1E7 U+1F1F8","native":"Bahamas"},
{"id":"223","title":"Togo","phoneCode":"228","emojiU":"U+1F1F9 U+1F1EC","native":"Togo"},
{"id":"224","title":"Tokelau","phoneCode":"690","emojiU":"U+1F1F9 U+1F1F0","native":"Tokelau"},
{"id":"225","title":"Tonga","phoneCode":"676","emojiU":"U+1F1F9 U+1F1F4","native":"Tonga"},
{"id":"226","title":"Trinidad And Tobago","phoneCode":"+1-868","emojiU":"U+1F1F9 U+1F1F9","native":"Trinidad and Tobago"},
{"id":"227","title":"Tunisia","phoneCode":"216","emojiU":"U+1F1F9 U+1F1F3","native":"تونس"},
{"id":"228","title":"Turkey","phoneCode":"90","emojiU":"U+1F1F9 U+1F1F7","native":"Türkiye"},
{"id":"229","title":"Turkmenistan","phoneCode":"993","emojiU":"U+1F1F9 U+1F1F2","native":"Türkmenistan"},
{"id":"230","title":"Turks And Caicos Islands","phoneCode":"+1-649","emojiU":"U+1F1F9 U+1F1E8","native":"Turks and Caicos Islands"},
{"id":"231","title":"Tuvalu","phoneCode":"688","emojiU":"U+1F1F9 U+1F1FB","native":"Tuvalu"},
{"id":"232","title":"Uganda","phoneCode":"256","emojiU":"U+1F1FA U+1F1EC","native":"Uganda"},
{"id":"233","title":"Ukraine","phoneCode":"380","emojiU":"U+1F1FA U+1F1E6","native":"Україна"},
{"id":"234","title":"United Arab Emirates","phoneCode":"971","emojiU":"U+1F1E6 U+1F1EA","native":"دولة الإمارات العربية المتحدة"},
{"id":"235","title":"United Kingdom","phoneCode":"44","emojiU":"U+1F1EC U+1F1E7","native":"United Kingdom"},
{"id":"236","title":"United States","phoneCode":"1","emojiU":"U+1F1FA U+1F1F8","native":"United States"},
{"id":"237","title":"United States Minor Outlying Islands","phoneCode":"1","emojiU":"U+1F1FA U+1F1F2","native":"United States Minor Outlying Islands"},
{"id":"238","title":"Uruguay","phoneCode":"598","emojiU":"U+1F1FA U+1F1FE","native":"Uruguay"},
{"id":"239","title":"Uzbekistan","phoneCode":"998","emojiU":"U+1F1FA U+1F1FF","native":"O‘zbekiston"},
{"id":"240","title":"Vanuatu","phoneCode":"678","emojiU":"U+1F1FB U+1F1FA","native":"Vanuatu"},
{"id":"241","title":"Vatican City State (Holy See)","phoneCode":"379","emojiU":"U+1F1FB U+1F1E6","native":"Vaticano"},
{"id":"242","title":"Venezuela","phoneCode":"58","emojiU":"U+1F1FB U+1F1EA","native":"Venezuela"},
{"id":"243","title":"Vietnam","phoneCode":"84","emojiU":"U+1F1FB U+1F1F3","native":"Việt Nam"},
{"id":"244","title":"Virgin Islands (British)","phoneCode":"+1-284","emojiU":"U+1F1FB U+1F1EC","native":"British Virgin Islands"},
{"id":"245","title":"Virgin Islands (US)","phoneCode":"+1-340","emojiU":"U+1F1FB U+1F1EE","native":"United States Virgin Islands"},
{"id":"246","title":"Wallis And Futuna Islands","phoneCode":"681","emojiU":"U+1F1FC U+1F1EB","native":"Wallis et Futuna"},
{"id":"247","title":"Western Sahara","phoneCode":"212","emojiU":"U+1F1EA U+1F1ED","native":"الصحراء الغربية"},
{"id":"248","title":"Yemen","phoneCode":"967","emojiU":"U+1F1FE U+1F1EA","native":"اليَمَن"},
{"id":"249","title":"Zambia","phoneCode":"260","emojiU":"U+1F1FF U+1F1F2","native":"Zambia"},
{"id":"250","title":"Zimbabwe","phoneCode":"263","emojiU":"U+1F1FF U+1F1FC","native":"Zimbabwe"}
]
}
]
